Name,total,average,grade
Mio,532,88.66666666666667,B
Mr Tee,590,98.33333333333331,A
Mr Tee,590,98.33333333333331,A
Mio,540,90.0,A
